<application>
  <component name="ProjectJdkTable">
    <jdk version="2">
      <name value="Python 2.7 (volttron)" />
      <type value="Python SDK" />
      <version value="Python 2.7.11" />
      <homePath value="D:\Sam_Extreme\bsrc\Pycharm\volttron\venv\Scripts\python.exe" />
      <roots>
        <classPath>
          <root type="composite">
            <root url="file://D:/Sam_Extreme/bsrc/Pycharm/volttron/venv/Lib" type="simple" />
            <root url="file://D:/Sam_Extreme/bsrc/Pycharm/volttron/venv/Scripts" type="simple" />
            <root url="file://C:/Python27/Lib" type="simple" />
            <root url="file://C:/Python27/DLLs" type="simple" />
            <root url="file://C:/Python27/Lib/lib-tk" type="simple" />
            <root url="file://D:/Sam_Extreme/bsrc/Pycharm/volttron/venv" type="simple" />
            <root url="file://D:/Sam_Extreme/bsrc/Pycharm/volttron/venv/Lib/site-packages" type="simple" />
            <root url="file://$USER_HOME$/.PyCharmCE2019.3/system/python_stubs/-431345696" type="simple" />
            <root url="file://$APPLICATION_HOME_DIR$/plugins/python-ce/helpers/python-skeletons" type="simple" />
            <root url="file://$APPLICATION_HOME_DIR$/plugins/python-ce/helpers/typeshed/stdlib/2" type="simple" />
            <root url="file://$APPLICATION_HOME_DIR$/plugins/python-ce/helpers/typeshed/stdlib/2and3" type="simple" />
            <root url="file://$APPLICATION_HOME_DIR$/plugins/python-ce/helpers/typeshed/third_party/2" type="simple" />
            <root url="file://$APPLICATION_HOME_DIR$/plugins/python-ce/helpers/typeshed/third_party/2and3" type="simple" />
          </root>
        </classPath>
        <sourcePath>
          <root type="composite" />
        </sourcePath>
      </roots>
      <additional ASSOCIATED_PROJECT_PATH="D:/Sam_Extreme/bsrc/Pycharm/volttron" />
    </jdk>
  </component>
</application>