<code_scheme name="Default" version="173">
  <Python>
    <option name="BLANK_LINES_BEFORE_FIRST_METHOD" value="1" />
    <option name="BLANK_LINES_AFTER_LOCAL_IMPORTS" value="1" />
    <option name="OPTIMIZE_IMPORTS_JOIN_FROM_IMPORTS_WITH_SAME_SOURCE" value="true" />
  </Python>
  <codeStyleSettings language="HTML">
    <option name="RIGHT_MARGIN" value="80" />
  </codeStyleSettings>
  <codeStyleSettings language="JSON">
    <option name="RIGHT_MARGIN" value="80" />
  </codeStyleSettings>
  <codeStyleSettings language="Python">
    <option name="RIGHT_MARGIN" value="80" />
    <option name="BLANK_LINES_AROUND_CLASS" value="2" />
  </codeStyleSettings>
</code_scheme>